{
    "Clear Reply": {
        "precision": 0.5272727272727272,
        "recall": 0.3670886075949367,
        "f1-score": 0.43283582089552236,
        "support": 79.0
    },
    "Clear Non-Reply": {
        "precision": 0.43333333333333335,
        "recall": 0.5652173913043478,
        "f1-score": 0.49056603773584906,
        "support": 23.0
    },
    "Ambivalent": {
        "precision": 0.7623318385650224,
        "recall": 0.8252427184466019,
        "f1-score": 0.7925407925407926,
        "support": 206.0
    },
    "accuracy": 0.6883116883116883,
    "macro avg": {
        "precision": 0.5743126330570276,
        "recall": 0.5858495724486289,
        "f1-score": 0.5719808837240546,
        "support": 308.0
    },
    "weighted avg": {
        "precision": 0.6774726326805414,
        "recall": 0.6883116883116883,
        "f1-score": 0.6777287402015392,
        "support": 308.0
    }
}