{
    "training_metrics": {
        "global_step": 1293,
        "training_loss": 0.7067516312890522,
        "train_runtime": 499.2002,
        "train_samples_per_second": 20.721,
        "train_steps_per_second": 2.59,
        "total_flos": 1360822596489216.0,
        "epoch": 3.0
    },
    "evaluation_metrics": {
        "eval_loss": 0.7639543414115906,
        "eval_accuracy": 0.6883116883116883,
        "eval_f1": 0.6777287402015392,
        "eval_runtime": 4.1996,
        "eval_samples_per_second": 73.341,
        "eval_steps_per_second": 9.287,
        "epoch": 3.0
    }
}