{
    "clarity": {
        "accuracy": 0.8439716312056738,
        "macro_f1": 0.7612376847290641,
        "weighted_f1": 0.8459652202773994
    },
    "evasion": {
        "accuracy": 0.8368794326241135,
        "macro_f1": 0.6558107756376886,
        "weighted_f1": 0.8373661521346126
    }
}