{
    "accuracy": 0.591304347826087,
    "macro_f1": 0.42615756445047487,
    "avg_confidence": 0.6709028482437134,
    "classification_report": {
        "0": {
            "precision": 0.6,
            "recall": 0.04838709677419355,
            "f1-score": 0.08955223880597014,
            "support": 124.0
        },
        "1": {
            "precision": 0.7142857142857143,
            "recall": 0.3333333333333333,
            "f1-score": 0.45454545454545453,
            "support": 30.0
        },
        "2": {
            "precision": 0.5856697819314641,
            "recall": 0.9842931937172775,
            "f1-score": 0.734375,
            "support": 191.0
        },
        "accuracy": 0.591304347826087,
        "macro avg": {
            "precision": 0.6333184987390594,
            "recall": 0.45533787460826813,
            "f1-score": 0.42615756445047487,
            "support": 345.0
        },
        "weighted avg": {
            "precision": 0.6020043471811045,
            "recall": 0.591304347826087,
            "f1-score": 0.4782796123139244,
            "support": 345.0
        }
    }
}