{
    "accuracy": 0.4115942028985507,
    "macro_f1": 0.31287714423592633,
    "avg_confidence": 0.36641475558280945,
    "classification_report": {
        "0": {
            "precision": 0.46524064171123,
            "recall": 0.7016129032258065,
            "f1-score": 0.5594855305466238,
            "support": 124.0
        },
        "1": {
            "precision": 0.375,
            "recall": 0.1276595744680851,
            "f1-score": 0.19047619047619047,
            "support": 47.0
        },
        "2": {
            "precision": 0.31,
            "recall": 0.5,
            "f1-score": 0.38271604938271603,
            "support": 62.0
        },
        "3": {
            "precision": 0.14285714285714285,
            "recall": 0.037037037037037035,
            "f1-score": 0.058823529411764705,
            "support": 27.0
        },
        "4": {
            "precision": 0.3333333333333333,
            "recall": 0.04081632653061224,
            "f1-score": 0.07272727272727272,
            "support": 49.0
        },
        "5": {
            "precision": 0.0,
            "recall": 0.0,
            "f1-score": 0.0,
            "support": 6.0
        },
        "6": {
            "precision": 0.5454545454545454,
            "recall": 0.5454545454545454,
            "f1-score": 0.5454545454545454,
            "support": 11.0
        },
        "7": {
            "precision": 0.35714285714285715,
            "recall": 0.5555555555555556,
            "f1-score": 0.43478260869565216,
            "support": 9.0
        },
        "8": {
            "precision": 1.0,
            "recall": 0.4,
            "f1-score": 0.5714285714285714,
            "support": 10.0
        },
        "accuracy": 0.4115942028985507,
        "macro avg": {
            "precision": 0.39211428005545657,
            "recall": 0.3231262158079602,
            "f1-score": 0.31287714423592633,
            "support": 345.0
        },
        "weighted avg": {
            "precision": 0.3882307289187084,
            "recall": 0.4115942028985507,
            "f1-score": 0.3560469062382356,
            "support": 345.0
        }
    }
}