{
  "accuracy": 0.5811688311688312,
  "precision_macro": 0.4682045606511263,
  "recall_macro": 0.3904351744491525,
  "f1_macro": 0.4084593109423809
}