{
    "Claims ignorance": {
        "precision": 1.0,
        "recall": 0.037037037037037035,
        "f1-score": 0.07142857142857142,
        "support": 27.0
    },
    "Clarification": {
        "precision": 0.8421052631578947,
        "recall": 0.5714285714285714,
        "f1-score": 0.6808510638297872,
        "support": 28.0
    },
    "Declining to answer": {
        "precision": 0.6,
        "recall": 0.36363636363636365,
        "f1-score": 0.4528301886792453,
        "support": 33.0
    },
    "Deflection": {
        "precision": 0.0,
        "recall": 0.0,
        "f1-score": 0.0,
        "support": 78.0
    },
    "Dodging": {
        "precision": 0.3064516129032258,
        "recall": 0.3825503355704698,
        "f1-score": 0.3402985074626866,
        "support": 149.0
    },
    "Explicit": {
        "precision": 0.34285714285714286,
        "recall": 0.8253968253968254,
        "f1-score": 0.484472049689441,
        "support": 189.0
    },
    "General": {
        "precision": 0.25,
        "recall": 0.013513513513513514,
        "f1-score": 0.02564102564102564,
        "support": 74.0
    },
    "Implicit": {
        "precision": 0.4,
        "recall": 0.02,
        "f1-score": 0.0380952380952381,
        "support": 100.0
    },
    "Partial/half-answer": {
        "precision": 0.0,
        "recall": 0.0,
        "f1-score": 0.0,
        "support": 12.0
    },
    "accuracy": 0.35507246376811596,
    "macro avg": {
        "precision": 0.41571266876869595,
        "recall": 0.24595140517586453,
        "f1-score": 0.2326240716473328,
        "support": 690.0
    },
    "weighted avg": {
        "precision": 0.3468699096971039,
        "recall": 0.35507246376811596,
        "f1-score": 0.26653978572815207,
        "support": 690.0
    }
}