{
    "eval_loss": 1.7092677354812622,
    "eval_accuracy": 0.35507246376811596,
    "eval_f1_weighted": 0.26653978572815207,
    "eval_precision_weighted": 0.3468699096971039,
    "eval_recall_weighted": 0.35507246376811596,
    "eval_runtime": 11.6336,
    "eval_samples_per_second": 59.311,
    "eval_steps_per_second": 7.478,
    "epoch": 3.0
}